Rede Social,E-mails,Telefones,Snippet
y.js,Nenhum,Nenhum,"Amazon.com.br
https://www.amazon.com.br ‚Ä∫ Encontre ‚Ä∫ pe√ßas
Confira milh√µes de produtos - Amazon.com.br AN√öNCIO
Procure e descubra milh√µes de produtos com √≥timos pre√ßos. Encontre mais ofertas em diversas categorias na Amazon.com.br
Automotivo
Tudo para Autom√≥veis e Motos Frete Gr√°tis para membros Prime
Tudo para Autom√≥veis
Veja acess√≥rios e pe√ßas para carro Frete Gr√°tis para membros Prime
Cuidados Automotivos
Para o interior, exterior e pneus Frete Gr√°tis para membros Prime
Eletr√¥nicos para Ve√≠culos
Som e multim√≠dia para carros Frete Gr√°tis para membros Prime"
y.js,Nenhum,Nenhum,"AliExpress
https://aliexpress.com
AUTO - Buy AUTO with free shipping on AliExpress AN√öNCIO
Smarter online shopping from today! AliExpress the biggest online marketplace."
,Nenhum,(11) 94731-2806,"Instagram
https://www.instagram.com ‚Ä∫ mendesautopecas
Mendes Auto Center e Pe√ßas (@mendesautopecas) - Instagram
2,383 Followers, 643 Following, 113 Posts - Mendes Auto Center e Pe√ßas (@mendesautopecas) on Instagram: ""‚Ä¢ Auto Pe√ßas ‚Ä¢ Mec√¢nica Geral ‚Ä¢ Alinhamento em 3D ‚Ä¢ Personaliza√ß√£o de Ve√≠culos ‚Ä¢ Envelopamento Pedidos e Or√ßamentos Wpp/Direct: (11) 94731-2806"""
,satierfautomotive@gmail.com,"(11)3796-8254, (11)94333-1164","Instagram
https://www.instagram.com ‚Ä∫ satierfautomotiveparts
Satierf Automotive Parts - Instagram
2,327 Followers, 4,156 Following, 51 Posts - Satierf Automotive Parts (@satierfautomotiveparts) on Instagram: ""Distribuidora de pe√ßas e acess√≥rios automotivos em geral. satierfautomotive@gmail.com (11)3796-8254 Whatsapp (11)94333-1164"""
,comercial.rmf@hotmail.com,Nenhum,"Instagram
https://www.instagram.com ‚Ä∫ rmf_autopecas4x4
Rmf Automotiva (@rmf_autopecas4x4) ‚Ä¢ Instagram photos and videos
180 Followers, 77 Following, 112 Posts - Rmf Automotiva (@rmf_autopecas4x4) on Instagram: ""‚è∞Ô∏è Seg √† Sex - 8h √†s 18h comercial.rmf@hotmail.com Pe√ßas para Jeep's e PickUp's Fale conosco! """
,Nenhum,Nenhum,"Instagram
https://www.instagram.com ‚Ä∫ p ‚Ä∫ DFtJdcOPoIL
Auto Repare | Oficina Especializada - Instagram
5 dias atr√°s39 likes, 11 comments - autoreparebr on February 5, 2025: ""Parece que foi ontem que demos o primeiro passo nessa jornada, mas hoje, ao olhar para tr√°s, vemos o quanto crescemos, evolu√≠mos e conquistamos juntos. Foram anos de muito trabalho, aprendizado e dedica√ß√£o, mas acima de tudo, de constru√ß√£o de la√ßos de confian√ßa com cada cliente, parceiro e amigo que passou por aqui."
,Nenhum,"(11)97495-0360, (11)91153-0309","Instagram
https://www.instagram.com ‚Ä∫ jacuna_autopecas
Jacuna Auto Pe√ßas (@jacuna_autopecas) - Instagram
7,386 Followers, 72 Following, 90 Posts - Jacuna Auto Pe√ßas (@jacuna_autopecas) on Instagram: ""LOJA CREDENCIADA NO DETRAN VEICULOS NACIONAIS E IMPORTADOS (11)97495-0360 (11)91153-0309"""
,Nenhum,Nenhum,"Instagram
https://www.instagram.com ‚Ä∫ autopecas3g
Auto Pe√ßas 3G (@autopecas3g) ‚Ä¢ Instagram photos and videos
2,145 Followers, 5 Following, 407 Posts - Auto Pe√ßas 3G (@autopecas3g) on Instagram: "" Qualidade e respeito desde 1993 Auto | Moto | Troca de √ìleo | Auto Center Alberto Sim√µes, 1127 - V. Leopoldina Nosso WhatsApp """
,felixpecas@outlook.com,(11) 94216-4179,"Instagram
https://www.instagram.com ‚Ä∫ felix_autopecas
Felix Auto Pe√ßas (@felix_autopecas) ‚Ä¢ Instagram photos and videos
76 Followers, 129 Following, 14 Posts - Felix Auto Pe√ßas (@felix_autopecas) on Instagram: ""Felix Auto Pe√ßas ‚Ä¢ Pe√ßas novas e originais Or√ßamento: (11) 94216-4179 E-mail: felixpecas@outlook.com"""
,Nenhum,21) 2496-0022,"Instagram
https://www.instagram.com ‚Ä∫ nogueirautopecasoficial ‚Ä∫ reels
Nogueira Auto Pe√ßas (@nogueirautopecasoficial) - Instagram
346 Followers, 77 Following, 46 Posts - Nogueira Auto Pe√ßas (@nogueirautopecasoficial) on Instagram: ""Ê¨ÑNogueira Autope√ßas h√° mais de 15 anos no Mercado de Pe√ßas Automotivas Nacionais e Importadas. 21) 2496-0022 Rua: Governador Celso Pe√ßanha,1833."""
,Nenhum,Nenhum,"Instagram
https://www.instagram.com
Instagram
Create an account or log in to Instagram - Share what you're into with the people who get you."
,Nenhum,Nenhum,"Instagram
https://www.instagram.com ‚Ä∫ ?hl=pt-br
Instagram
Crie uma conta ou entre no Instagram: compartilhe seus interesses com as pessoas que entendem voc√™."
y.js,Nenhum,Nenhum,"Amazon.com.br
https://www.amazon.com.br ‚Ä∫ Encontre ‚Ä∫ pe√ßas
Confira milh√µes de produtos - Amazon.com.br AN√öNCIO
Procure e descubra milh√µes de produtos com √≥timos pre√ßos. Encontre mais ofertas em diversas categorias na Amazon.com.br
Automotivo
Tudo para Autom√≥veis e Motos Frete Gr√°tis para membros Prime
Tudo para Autom√≥veis
Veja acess√≥rios e pe√ßas para carro Frete Gr√°tis para membros Prime
Cuidados Automotivos
Para o interior, exterior e pneus Frete Gr√°tis para membros Prime
Eletr√¥nicos para Ve√≠culos
Som e multim√≠dia para carros Frete Gr√°tis para membros Prime"
y.js,Nenhum,Nenhum,"AliExpress
https://aliexpress.com
AUTO - Buy AUTO with free shipping on AliExpress AN√öNCIO
Smarter online shopping from today! AliExpress the biggest online marketplace."
,Nenhum,(11) 94731-2806,"Instagram
https://www.instagram.com ‚Ä∫ mendesautopecas
Mendes Auto Center e Pe√ßas (@mendesautopecas) - Instagram
2,383 Followers, 643 Following, 113 Posts - Mendes Auto Center e Pe√ßas (@mendesautopecas) on Instagram: ""‚Ä¢ Auto Pe√ßas ‚Ä¢ Mec√¢nica Geral ‚Ä¢ Alinhamento em 3D ‚Ä¢ Personaliza√ß√£o de Ve√≠culos ‚Ä¢ Envelopamento Pedidos e Or√ßamentos Wpp/Direct: (11) 94731-2806"""
,satierfautomotive@gmail.com,"(11)3796-8254, (11)94333-1164","Instagram
https://www.instagram.com ‚Ä∫ satierfautomotiveparts
Satierf Automotive Parts - Instagram
2,327 Followers, 4,156 Following, 51 Posts - Satierf Automotive Parts (@satierfautomotiveparts) on Instagram: ""Distribuidora de pe√ßas e acess√≥rios automotivos em geral. satierfautomotive@gmail.com (11)3796-8254 Whatsapp (11)94333-1164"""
,comercial.rmf@hotmail.com,Nenhum,"Instagram
https://www.instagram.com ‚Ä∫ rmf_autopecas4x4
Rmf Automotiva (@rmf_autopecas4x4) ‚Ä¢ Instagram photos and videos
180 Followers, 77 Following, 112 Posts - Rmf Automotiva (@rmf_autopecas4x4) on Instagram: ""‚è∞Ô∏è Seg √† Sex - 8h √†s 18h comercial.rmf@hotmail.com Pe√ßas para Jeep's e PickUp's Fale conosco! """
,Nenhum,Nenhum,"Instagram
https://www.instagram.com ‚Ä∫ p ‚Ä∫ DFtJdcOPoIL
Auto Repare | Oficina Especializada - Instagram
5 dias atr√°s39 likes, 11 comments - autoreparebr on February 5, 2025: ""Parece que foi ontem que demos o primeiro passo nessa jornada, mas hoje, ao olhar para tr√°s, vemos o quanto crescemos, evolu√≠mos e conquistamos juntos. Foram anos de muito trabalho, aprendizado e dedica√ß√£o, mas acima de tudo, de constru√ß√£o de la√ßos de confian√ßa com cada cliente, parceiro e amigo que passou por aqui."
,Nenhum,"(11)97495-0360, (11)91153-0309","Instagram
https://www.instagram.com ‚Ä∫ jacuna_autopecas
Jacuna Auto Pe√ßas (@jacuna_autopecas) - Instagram
7,386 Followers, 72 Following, 90 Posts - Jacuna Auto Pe√ßas (@jacuna_autopecas) on Instagram: ""LOJA CREDENCIADA NO DETRAN VEICULOS NACIONAIS E IMPORTADOS (11)97495-0360 (11)91153-0309"""
,Nenhum,Nenhum,"Instagram
https://www.instagram.com ‚Ä∫ autopecas3g
Auto Pe√ßas 3G (@autopecas3g) ‚Ä¢ Instagram photos and videos
2,145 Followers, 5 Following, 407 Posts - Auto Pe√ßas 3G (@autopecas3g) on Instagram: "" Qualidade e respeito desde 1993 Auto | Moto | Troca de √ìleo | Auto Center Alberto Sim√µes, 1127 - V. Leopoldina Nosso WhatsApp """
,felixpecas@outlook.com,(11) 94216-4179,"Instagram
https://www.instagram.com ‚Ä∫ felix_autopecas
Felix Auto Pe√ßas (@felix_autopecas) ‚Ä¢ Instagram photos and videos
76 Followers, 129 Following, 14 Posts - Felix Auto Pe√ßas (@felix_autopecas) on Instagram: ""Felix Auto Pe√ßas ‚Ä¢ Pe√ßas novas e originais Or√ßamento: (11) 94216-4179 E-mail: felixpecas@outlook.com"""
,Nenhum,21) 2496-0022,"Instagram
https://www.instagram.com ‚Ä∫ nogueirautopecasoficial ‚Ä∫ reels
Nogueira Auto Pe√ßas (@nogueirautopecasoficial) - Instagram
346 Followers, 77 Following, 46 Posts - Nogueira Auto Pe√ßas (@nogueirautopecasoficial) on Instagram: ""Ê¨ÑNogueira Autope√ßas h√° mais de 15 anos no Mercado de Pe√ßas Automotivas Nacionais e Importadas. 21) 2496-0022 Rua: Governador Celso Pe√ßanha,1833."""
,Nenhum,Nenhum,"Instagram
https://www.instagram.com
Instagram
Create an account or log in to Instagram - Share what you're into with the people who get you."
,Nenhum,Nenhum,"Instagram
https://www.instagram.com ‚Ä∫ ?hl=pt-br
Instagram
Crie uma conta ou entre no Instagram: compartilhe seus interesses com as pessoas que entendem voc√™."
,Nenhum,"11 94784-5949, 11 94784-5949","Instagram
https://www.instagram.com ‚Ä∫ rca4x4
RCA OFF ROAD / 11 94784-5949 (@rca4x4) - Instagram
8,636 Followers, 5,643 Following, 285 Posts - RCA OFF ROAD / 11 94784-5949 (@rca4x4) on Instagram: ""Empresa fundada em 1997 pela fam√≠lia Maziviero , com Ant√¥nio Carlos Maziviero Pai , e com os filhos Adriano Maziviero e Rodrigo Maziviero."""
,Nenhum,Nenhum,"Instagram
https://api.instagram.com
Instagram
Create an account or log in to Instagram - Share what you're into with the people who get you."
,Nenhum,Nenhum,"Instagram
https://www.instagram.com ‚Ä∫ medeirosauto
Medeiros Autom√≥veis (@medeirosauto) ‚Ä¢ Instagram photos and videos
Medeiros autom√≥veis üöó super oferta para fim do ano . Ve√≠culo pronto para viajar . Ecosport storm 2.0 direct 4 WD üîù de linha üöÄüöÄüöÄ üöÄ R$ 81.000 fipe por R$ 78.900 ve√≠culo impec√°vel manual chave reserva laudo üíØ aprovado apenas 68.00O KM financiamento at√© 60x com uma pequena entrada financiamento sujeito an√°lise de cr√©dito ' chama WhatsApp para mais informa√ß√µes ..."
,rh.fatimamoveis@gmail.com,Nenhum,"Instagram
https://www.instagram.com ‚Ä∫ ruamarechaldeodoro
Rua Marechal Deodoro - Instagram
√â necess√°rio ter experi√™ncia no setor moveleiro. Para se candidatar basta enviar o curr√≠culo no e-mail rh.fatimamoveis@gmail.com ou entregar em uma de nossas unidades localizada no endere√ßo: üìçRua Marechal Deodoro 1800, SBC üìçShopping Interlar Aricanduva, Arco 118 SP üìçAv. Cruzeiro do Sul, 1100 SP #saobernardodocampo"
,Nenhum,Nenhum,"Instagram
https://www.instagram.com ‚Ä∫ letty.set.go
Leticia (@letty.set.go) ‚Ä¢ Instagram photos and videos
271K Followers, 2,075 Following, 300 Posts - See Instagram photos and videos from Leticia (@letty.set.go)"
,Nenhum,(11)94704-5184,"Instagram
https://www.instagram.com ‚Ä∫ savanamotos
Savana Motos | moto pe√ßas & oficina (@savanamotos) - Instagram
Vamos at√© voc√™ levar a pe√ßa que voc√™ tanto precisa.ü§© Para mais informa√ß√µes, entre em contato conosco pelo WhatsApp (11)94704-5184.ü•≥ü•≥ü§© Pinned post icon A Savana Motos tem a miss√£o de ser a melhor loja e oficina da regi√£o, por isso em novembro, ap√≥s uma reestrutura√ß√£o, reinauguramos nossa oficina com o qu√™ h√° de melhor em ..."
,Nenhum,Nenhum,"Instagram
https://www.instagram.com ‚Ä∫ vilaandradenews
VILA ANDRADE NEWS ( ANDR√â GON√áALEZ) - Instagram
100K Followers, 1,875 Following, 2,322 Posts - VILA ANDRADE NEWS ( ANDR√â GON√áALEZ) (@vilaandradenews) on Instagram: "" Guia do bairro S√£o Paulo e regi√£o Ô∏é Valorizo o com√©rcio local Ô∏é Drone Ô∏é Espa√ßo fala morador Apoie nosso trabalho com um pix 11948070645"""
,Nenhum,(22) 99860-1501,"Instagram
https://www.instagram.com ‚Ä∫ autoescolabenitez
Autoescola Benitez
STOCK CAR AUTO PE√áAS. Follow. valescamarottiimoveis. Valesca Marotti Im√≥veis. Follow. ... De 28/11 a 02/12, aproveite condi√ß√µes IMPERD√çVEIS para conquistar sua CNH com a AUTOESCOLA QUE MAIS APROVA na regi√£o! ‚ö†Ô∏è Reserve seu lugar agora mesmo nessa BLACK CNH das Melhores com a Benitez, pois as vagas s√£o LIMITADAS: üì± (22) 99860-1501 ..."
,Nenhum,Nenhum,"Instagram
https://www.instagram.com ‚Ä∫ tratocar
Centro Automotivo (@tratocar) ‚Ä¢ Instagram photos and videos
2,799 Followers, 2,677 Following, 89 Posts - Centro Automotivo (@tratocar) on Instagram: "" ‚Äç Diagn√≥sticos Automotivos| Manuten√ß√µes Preventivas e Corretivas. ‚Äç Rastreamento PDL 5600 ‚öôÔ∏è Revis√£o de Frotas"""
,Nenhum,Nenhum,"Instagram
https://www.instagram.com ‚Ä∫ ramanueva
Rama Nueva (@ramanueva) ‚Ä¢ Instagram photos and videos
3,227 Followers, 3,067 Following, 953 Posts - Rama Nueva (@ramanueva) on Instagram: ""#ocuparama ·¥Ä·¥ú ü·¥Äs ·¥Ö·¥á ·¥Ö·¥Ä…¥√ß·¥Ä ·¥è“ì…™·¥Ñ…™…¥·¥Äs s ú·¥è·¥°s ·¥ò·¥Ä ü·¥ás·¥õ Ä·¥Äs ·¥áx·¥ò·¥ès…™√ß√µ·¥ás  ü·¥è·¥Ñ·¥Ä√ß√µ·¥ás"""
,Nenhum,Nenhum,"Instagram
https://www.instagram.com ‚Ä∫ REUSE.PECAS
Reuse Pe√ßas Usadas (@reuse.pecas) ‚Ä¢ Instagram photos and videos
11K Followers, 369 Following, 1,015 Posts - Reuse Pe√ßas Usadas (@REUSE.PECAS) on Instagram: ""Cuide do seu carro com pe√ßas de qualidade! ‚ôªÔ∏è Reuse Pe√ßas: a loja que d√° vida ao seu carro Explore nossa loja online"""
,Nenhum,(11)96890-3818,"Instagram
https://www.instagram.com ‚Ä∫ rv_lanternas_
Rv com√©rcio de auto pe√ßas ltda - Instagram
7,312 Followers, 382 Following, 5 Posts - Rv com√©rcio de auto pe√ßas ltda (@rv_lanternas_) on Instagram: ""@juliana_oliveira_1213 Tel: (11)96890-3818 Rv lanternas """
y.js,Nenhum,Nenhum,"Amazon.com.br
https://www.amazon.com.br ‚Ä∫ Encontre ‚Ä∫ pe√ßas
Confira milh√µes de produtos - Amazon.com.br AN√öNCIO
Procure e descubra milh√µes de produtos com √≥timos pre√ßos. Encontre mais ofertas em diversas categorias na Amazon.com.br
Automotivo
Tudo para Autom√≥veis e Motos Frete Gr√°tis para membros Prime
Tudo para Autom√≥veis
Veja acess√≥rios e pe√ßas para carro Frete Gr√°tis para membros Prime
Cuidados Automotivos
Para o interior, exterior e pneus Frete Gr√°tis para membros Prime
Eletr√¥nicos para Ve√≠culos
Som e multim√≠dia para carros Frete Gr√°tis para membros Prime"
y.js,Nenhum,Nenhum,"AliExpress
https://aliexpress.com
AUTO - Buy AUTO with free shipping on AliExpress AN√öNCIO
Smarter online shopping from today! AliExpress the biggest online marketplace."
,Nenhum,(11) 94731-2806,"Instagram
https://www.instagram.com ‚Ä∫ mendesautopecas
Mendes Auto Center e Pe√ßas (@mendesautopecas) - Instagram
2,383 Followers, 643 Following, 113 Posts - Mendes Auto Center e Pe√ßas (@mendesautopecas) on Instagram: ""‚Ä¢ Auto Pe√ßas ‚Ä¢ Mec√¢nica Geral ‚Ä¢ Alinhamento em 3D ‚Ä¢ Personaliza√ß√£o de Ve√≠culos ‚Ä¢ Envelopamento Pedidos e Or√ßamentos Wpp/Direct: (11) 94731-2806"""
,satierfautomotive@gmail.com,"(11)3796-8254, (11)94333-1164","Instagram
https://www.instagram.com ‚Ä∫ satierfautomotiveparts
Satierf Automotive Parts - Instagram
2,327 Followers, 4,156 Following, 51 Posts - Satierf Automotive Parts (@satierfautomotiveparts) on Instagram: ""Distribuidora de pe√ßas e acess√≥rios automotivos em geral. satierfautomotive@gmail.com (11)3796-8254 Whatsapp (11)94333-1164"""
,comercial.rmf@hotmail.com,Nenhum,"Instagram
https://www.instagram.com ‚Ä∫ rmf_autopecas4x4
Rmf Automotiva (@rmf_autopecas4x4) ‚Ä¢ Instagram photos and videos
180 Followers, 77 Following, 112 Posts - Rmf Automotiva (@rmf_autopecas4x4) on Instagram: ""‚è∞Ô∏è Seg √† Sex - 8h √†s 18h comercial.rmf@hotmail.com Pe√ßas para Jeep's e PickUp's Fale conosco! """
,Nenhum,Nenhum,"Instagram
https://www.instagram.com ‚Ä∫ p ‚Ä∫ DFtJdcOPoIL
Auto Repare | Oficina Especializada - Instagram
5 dias atr√°s39 likes, 11 comments - autoreparebr on February 5, 2025: ""Parece que foi ontem que demos o primeiro passo nessa jornada, mas hoje, ao olhar para tr√°s, vemos o quanto crescemos, evolu√≠mos e conquistamos juntos. Foram anos de muito trabalho, aprendizado e dedica√ß√£o, mas acima de tudo, de constru√ß√£o de la√ßos de confian√ßa com cada cliente, parceiro e amigo que passou por aqui."
,Nenhum,"(11)97495-0360, (11)91153-0309","Instagram
https://www.instagram.com ‚Ä∫ jacuna_autopecas
Jacuna Auto Pe√ßas (@jacuna_autopecas) - Instagram
7,386 Followers, 72 Following, 90 Posts - Jacuna Auto Pe√ßas (@jacuna_autopecas) on Instagram: ""LOJA CREDENCIADA NO DETRAN VEICULOS NACIONAIS E IMPORTADOS (11)97495-0360 (11)91153-0309"""
,Nenhum,Nenhum,"Instagram
https://www.instagram.com ‚Ä∫ autopecas3g
Auto Pe√ßas 3G (@autopecas3g) ‚Ä¢ Instagram photos and videos
2,145 Followers, 5 Following, 407 Posts - Auto Pe√ßas 3G (@autopecas3g) on Instagram: "" Qualidade e respeito desde 1993 Auto | Moto | Troca de √ìleo | Auto Center Alberto Sim√µes, 1127 - V. Leopoldina Nosso WhatsApp """
,felixpecas@outlook.com,(11) 94216-4179,"Instagram
https://www.instagram.com ‚Ä∫ felix_autopecas
Felix Auto Pe√ßas (@felix_autopecas) ‚Ä¢ Instagram photos and videos
76 Followers, 129 Following, 14 Posts - Felix Auto Pe√ßas (@felix_autopecas) on Instagram: ""Felix Auto Pe√ßas ‚Ä¢ Pe√ßas novas e originais Or√ßamento: (11) 94216-4179 E-mail: felixpecas@outlook.com"""
,Nenhum,21) 2496-0022,"Instagram
https://www.instagram.com ‚Ä∫ nogueirautopecasoficial ‚Ä∫ reels
Nogueira Auto Pe√ßas (@nogueirautopecasoficial) - Instagram
346 Followers, 77 Following, 46 Posts - Nogueira Auto Pe√ßas (@nogueirautopecasoficial) on Instagram: ""Ê¨ÑNogueira Autope√ßas h√° mais de 15 anos no Mercado de Pe√ßas Automotivas Nacionais e Importadas. 21) 2496-0022 Rua: Governador Celso Pe√ßanha,1833."""
,Nenhum,Nenhum,"Instagram
https://www.instagram.com
Instagram
Create an account or log in to Instagram - Share what you're into with the people who get you."
,Nenhum,Nenhum,"Instagram
https://www.instagram.com ‚Ä∫ ?hl=pt-br
Instagram
Crie uma conta ou entre no Instagram: compartilhe seus interesses com as pessoas que entendem voc√™."
,Nenhum,"11 94784-5949, 11 94784-5949","Instagram
https://www.instagram.com ‚Ä∫ rca4x4
RCA OFF ROAD / 11 94784-5949 (@rca4x4) - Instagram
8,636 Followers, 5,643 Following, 285 Posts - RCA OFF ROAD / 11 94784-5949 (@rca4x4) on Instagram: ""Empresa fundada em 1997 pela fam√≠lia Maziviero , com Ant√¥nio Carlos Maziviero Pai , e com os filhos Adriano Maziviero e Rodrigo Maziviero."""
,Nenhum,Nenhum,"Instagram
https://api.instagram.com
Instagram
Create an account or log in to Instagram - Share what you're into with the people who get you."
,Nenhum,Nenhum,"Instagram
https://www.instagram.com ‚Ä∫ medeirosauto
Medeiros Autom√≥veis (@medeirosauto) ‚Ä¢ Instagram photos and videos
Medeiros autom√≥veis üöó super oferta para fim do ano . Ve√≠culo pronto para viajar . Ecosport storm 2.0 direct 4 WD üîù de linha üöÄüöÄüöÄ üöÄ R$ 81.000 fipe por R$ 78.900 ve√≠culo impec√°vel manual chave reserva laudo üíØ aprovado apenas 68.00O KM financiamento at√© 60x com uma pequena entrada financiamento sujeito an√°lise de cr√©dito ' chama WhatsApp para mais informa√ß√µes ..."
,rh.fatimamoveis@gmail.com,Nenhum,"Instagram
https://www.instagram.com ‚Ä∫ ruamarechaldeodoro
Rua Marechal Deodoro - Instagram
√â necess√°rio ter experi√™ncia no setor moveleiro. Para se candidatar basta enviar o curr√≠culo no e-mail rh.fatimamoveis@gmail.com ou entregar em uma de nossas unidades localizada no endere√ßo: üìçRua Marechal Deodoro 1800, SBC üìçShopping Interlar Aricanduva, Arco 118 SP üìçAv. Cruzeiro do Sul, 1100 SP #saobernardodocampo"
,Nenhum,Nenhum,"Instagram
https://www.instagram.com ‚Ä∫ letty.set.go
Leticia (@letty.set.go) ‚Ä¢ Instagram photos and videos
271K Followers, 2,075 Following, 300 Posts - See Instagram photos and videos from Leticia (@letty.set.go)"
,Nenhum,(11)94704-5184,"Instagram
https://www.instagram.com ‚Ä∫ savanamotos
Savana Motos | moto pe√ßas & oficina (@savanamotos) - Instagram
Vamos at√© voc√™ levar a pe√ßa que voc√™ tanto precisa.ü§© Para mais informa√ß√µes, entre em contato conosco pelo WhatsApp (11)94704-5184.ü•≥ü•≥ü§© Pinned post icon A Savana Motos tem a miss√£o de ser a melhor loja e oficina da regi√£o, por isso em novembro, ap√≥s uma reestrutura√ß√£o, reinauguramos nossa oficina com o qu√™ h√° de melhor em ..."
,Nenhum,Nenhum,"Instagram
https://www.instagram.com ‚Ä∫ vilaandradenews
VILA ANDRADE NEWS ( ANDR√â GON√áALEZ) - Instagram
100K Followers, 1,875 Following, 2,322 Posts - VILA ANDRADE NEWS ( ANDR√â GON√áALEZ) (@vilaandradenews) on Instagram: "" Guia do bairro S√£o Paulo e regi√£o Ô∏é Valorizo o com√©rcio local Ô∏é Drone Ô∏é Espa√ßo fala morador Apoie nosso trabalho com um pix 11948070645"""
,Nenhum,(22) 99860-1501,"Instagram
https://www.instagram.com ‚Ä∫ autoescolabenitez
Autoescola Benitez
STOCK CAR AUTO PE√áAS. Follow. valescamarottiimoveis. Valesca Marotti Im√≥veis. Follow. ... De 28/11 a 02/12, aproveite condi√ß√µes IMPERD√çVEIS para conquistar sua CNH com a AUTOESCOLA QUE MAIS APROVA na regi√£o! ‚ö†Ô∏è Reserve seu lugar agora mesmo nessa BLACK CNH das Melhores com a Benitez, pois as vagas s√£o LIMITADAS: üì± (22) 99860-1501 ..."
,Nenhum,Nenhum,"Instagram
https://www.instagram.com ‚Ä∫ tratocar
Centro Automotivo (@tratocar) ‚Ä¢ Instagram photos and videos
2,799 Followers, 2,677 Following, 89 Posts - Centro Automotivo (@tratocar) on Instagram: "" ‚Äç Diagn√≥sticos Automotivos| Manuten√ß√µes Preventivas e Corretivas. ‚Äç Rastreamento PDL 5600 ‚öôÔ∏è Revis√£o de Frotas"""
,Nenhum,Nenhum,"Instagram
https://www.instagram.com ‚Ä∫ ramanueva
Rama Nueva (@ramanueva) ‚Ä¢ Instagram photos and videos
3,227 Followers, 3,067 Following, 953 Posts - Rama Nueva (@ramanueva) on Instagram: ""#ocuparama ·¥Ä·¥ú ü·¥Äs ·¥Ö·¥á ·¥Ö·¥Ä…¥√ß·¥Ä ·¥è“ì…™·¥Ñ…™…¥·¥Äs s ú·¥è·¥°s ·¥ò·¥Ä ü·¥ás·¥õ Ä·¥Äs ·¥áx·¥ò·¥ès…™√ß√µ·¥ás  ü·¥è·¥Ñ·¥Ä√ß√µ·¥ás"""
,Nenhum,Nenhum,"Instagram
https://www.instagram.com ‚Ä∫ REUSE.PECAS
Reuse Pe√ßas Usadas (@reuse.pecas) ‚Ä¢ Instagram photos and videos
11K Followers, 369 Following, 1,015 Posts - Reuse Pe√ßas Usadas (@REUSE.PECAS) on Instagram: ""Cuide do seu carro com pe√ßas de qualidade! ‚ôªÔ∏è Reuse Pe√ßas: a loja que d√° vida ao seu carro Explore nossa loja online"""
,Nenhum,(11)96890-3818,"Instagram
https://www.instagram.com ‚Ä∫ rv_lanternas_
Rv com√©rcio de auto pe√ßas ltda - Instagram
7,312 Followers, 382 Following, 5 Posts - Rv com√©rcio de auto pe√ßas ltda (@rv_lanternas_) on Instagram: ""@juliana_oliveira_1213 Tel: (11)96890-3818 Rv lanternas """
,Nenhum,Nenhum,"Instagram
https://www.instagram.com ‚Ä∫ vortexprojetos
Vortex Projetos - Scanner e Impress√£o 3D (@vortexprojetos) - Instagram
29K Followers, 657 Following, 140 Posts - Vortex Projetos - Scanner e Impress√£o 3D (@vortexprojetos) on Instagram: ""‚ö°Ô∏èEngenharia Reversa ‚ö°Ô∏èScanner 3D ‚ö°Ô∏èImpress√£o 3D"""
,Nenhum,Nenhum,"Instagram
https://www.instagram.com ‚Ä∫ imperioautomotiva
Imp√©rio Pe√ßas Automotivas - Instagram
1,648 Followers, 892 Following, 133 Posts - Imp√©rio Pe√ßas Automotivas (@imperioautomotiva) on Instagram: ""Especialista em el√©trica automotiva. Variedade em marcas e pe√ßas, da linha leve, pesada e agro. 10 anos de experi√™ncia e qualidade! Á£ä"""
,Nenhum,Nenhum,"Instagram
https://www.instagram.com ‚Ä∫ podium.centroautomotivo
Podium Centro Automotivo (@podium.centroautomotivo) - Instagram
2,674 Followers, 675 Following, 480 Posts - Podium Centro Automotivo (@podium.centroautomotivo) on Instagram: "" ‚öôÔ∏èPrecisa consertar seu carro? Bateu, ralou ou amassou? Ô´± ‚ÄçÔ´≤ Conte conosco, 20 anos de mercado. Entre em contato agora mesmo."""
,santista_pecas@hotmail.com,11 94024-5645,"Instagram
https://www.instagram.com ‚Ä∫ desmanche_santista
Santista Auto Pe√ßas (@desmanche_santista) - Instagram
üìû **Entre em contato:** Telefone: 11 94024-5645 E-mail: santista_pecas@hotmail.com Assunto: Mec√¢nico de Moto üë®‚Äçüîß **Junte-se √† nossa equipe e fa√ßa parte de uma empresa com mais de 40 anos de tradi√ß√£o no mercado!** üìç **Local: R. Maurilio √Çngelo Lourencetti. N¬∫ 59 Jardim Santista Mau√° - SP"
,maceiofiat@hotmail.com,Nenhum,"Instagram
https://www.instagram.com ‚Ä∫ maceio_fiat
Macei√≥ Fiat Auto pe√ßas (@maceio_fiat) ‚Ä¢ Instagram photos and videos
1,510 Followers, 326 Following, 797 Posts - Macei√≥ Fiat Auto pe√ßas (@maceio_fiat) on Instagram: "" Pe√ßas e servi√ßos de suspens√£o, revis√µes e inje√ß√£o. maceiofiat@hotmail.com ‚Äç Rua Formosa 1876 Ponta Grossa / Macei√≥"""
,ricardo.veiculos@yahoo.com,(75) 3623-1122,"Instagram
https://www.instagram.com ‚Ä∫ ricardoveiculosfsa
Ricardo Ve√≠culos (@ricardoveiculosfsa) ‚Ä¢ Instagram profile
3,757 Followers, 1,628 Following, 398 Posts - Ricardo Ve√≠culos (@ricardoveiculosfsa) on Instagram: ""Aqui, o seu sonho se realiza! (75) 3623-1122 E-mail: ricardo.veiculos@yahoo.com Acesse e Agende """
,Nenhum,Nenhum,"Instagram
https://www.instagram.com ‚Ä∫ opalabasquete
Opala Basquete (@opalabasquete) ‚Ä¢ Instagram photos and videos
893 Followers, 126 Following, 54 Posts - Opala Basquete (@opalabasquete) on Instagram: ""Basquete Feminino Adulto ‚õπ‚Äç‚ôÄÔ∏è Campe√£s do Piauiense Adulto de Basquete 2022Á£ä Campe√£s da III Copa JohnÁ£ä Teresina-PI Informa√ß√µes e parcerias via direct"""
,Nenhum,Nenhum,"Instagram
https://www.instagram.com ‚Ä∫ bpq.bdi
Baile dos p√£es de queijo 2025 (@bpq.bdi) - Instagram
7,828 Followers, 1,158 Following, 1,342 Posts - Baile dos p√£es de queijo 2025 (@bpq.bdi) on Instagram: "" O Aut√™ntico Baile P√© de Serra Mineiro ‚≠ê BPQ - 23,24 e 25 de Maio 2025 Prod. @gutomalino #forro #pedeserra #festiva"""
,eletrotok@outlook.com,"(11)98123-0498, (11)98123-0498","Instagram
https://www.instagram.com ‚Ä∫ eletrotok
Empresa Eletrotok (@eletrotok) ‚Ä¢ Instagram photos and videos
Lino Auto Pe√ßas. Follow. prospectaobras.guarulhosesp. Prospecta Obras Guarulhos e SP ... (11)98123-0498. Obra do meu parceiro execu√ß√£o em parceria show de mais ... Loja. Loja oficial. Mais uma Obra iniciada vamos pra cima esse ano vai ser D+ eletrotok@outlook.com contato Wasp (11)98123-0498 966379495. Super sala de home automa√ß√£o o ..."
,Nenhum,Nenhum,"Instagram
https://www.instagram.com ‚Ä∫ galpaomotoparts
GALPAO MOTO PARTS | A General do BRASIL
431K Followers, 543 Following, 1,562 Posts - GALPAO MOTO PARTS | A General do BRASIL (@galpaomotoparts) on Instagram: ""Seja um franqueado @franquiagalpaomotoparts Envios para todo 15 LOJAS Atacado, varejo e ecommerce Whats e endere√ßos LINK ‚¨áÔ∏è #galpaosalvou"""
,Nenhum,(41) 99711-2053,"Instagram
https://www.instagram.com ‚Ä∫ pegasusarmasoficial
Pegasus Armas e Muni√ß√µes
Leg√≠tima defesa √© um direiro seu! Escolha na @pegasusarmasoficial a melhor arma para a sua necessidadeüí• Ô∏èPara mais informa√ß√µes entre em contato com a gente üó£ ‚§µÔ∏è üì≤ whats (41) 99711-2053 üíª Site www.armas.com.br #brasil #pt92 #armasdefogo #taurusarmas #boitoarmas #espingardas #revolver #pistola #czarmas #portedearma #jairmessiasbolsonaro #√©umdireitoseu #cac # ..."
,Nenhum,Nenhum,"Instagram
https://www.instagram.com ‚Ä∫ genesiscar_auto
Genesis Car l Oficina Mec√¢nica (@genesiscar_auto) - Instagram
19K Followers, 1,067 Following, 220 Posts - Genesis Car l Oficina Mec√¢nica (@genesiscar_auto) on Instagram: "" CONTATOS /AGENDAMENTO """
,leilaodescomplicado@gmail.com,Nenhum,"Instagram
https://www.instagram.com ‚Ä∫ leilaodescomplicado
Leil√£o Descomplicado (@leilaodescomplicado) - Instagram
484K Followers, 7,750 Following, 6,155 Posts - Leil√£o Descomplicado (@leilaodescomplicado) on Instagram: ""Al√¥, pessoal! Descomplicando o mundo dos Leil√µes h√° 7 anos. Conhe√ßa Tamb√©m @club4x4_br Parcerias: leilaodescomplicado@gmail.com"""
y.js,Nenhum,Nenhum,"Amazon.com.br
https://www.amazon.com.br ‚Ä∫ Encontre ‚Ä∫ pe√ßas
Confira milh√µes de produtos - Amazon.com.br AN√öNCIO
Procure e descubra milh√µes de produtos com √≥timos pre√ßos. Encontre mais ofertas em diversas categorias na Amazon.com.br
Automotivo
Tudo para Autom√≥veis e Motos Frete Gr√°tis para membros Prime
Tudo para Autom√≥veis
Veja acess√≥rios e pe√ßas para carro Frete Gr√°tis para membros Prime
Cuidados Automotivos
Para o interior, exterior e pneus Frete Gr√°tis para membros Prime
Eletr√¥nicos para Ve√≠culos
Som e multim√≠dia para carros Frete Gr√°tis para membros Prime"
y.js,Nenhum,Nenhum,"AliExpress
https://aliexpress.com
AUTO - Buy AUTO with free shipping on AliExpress AN√öNCIO
Smarter online shopping from today! AliExpress the biggest online marketplace."
,Nenhum,(11) 94731-2806,"Instagram
https://www.instagram.com ‚Ä∫ mendesautopecas
Mendes Auto Center e Pe√ßas (@mendesautopecas) - Instagram
2,383 Followers, 643 Following, 113 Posts - Mendes Auto Center e Pe√ßas (@mendesautopecas) on Instagram: ""‚Ä¢ Auto Pe√ßas ‚Ä¢ Mec√¢nica Geral ‚Ä¢ Alinhamento em 3D ‚Ä¢ Personaliza√ß√£o de Ve√≠culos ‚Ä¢ Envelopamento Pedidos e Or√ßamentos Wpp/Direct: (11) 94731-2806"""
,satierfautomotive@gmail.com,"(11)3796-8254, (11)94333-1164","Instagram
https://www.instagram.com ‚Ä∫ satierfautomotiveparts
Satierf Automotive Parts - Instagram
2,327 Followers, 4,156 Following, 51 Posts - Satierf Automotive Parts (@satierfautomotiveparts) on Instagram: ""Distribuidora de pe√ßas e acess√≥rios automotivos em geral. satierfautomotive@gmail.com (11)3796-8254 Whatsapp (11)94333-1164"""
,comercial.rmf@hotmail.com,Nenhum,"Instagram
https://www.instagram.com ‚Ä∫ rmf_autopecas4x4
Rmf Automotiva (@rmf_autopecas4x4) ‚Ä¢ Instagram photos and videos
180 Followers, 77 Following, 112 Posts - Rmf Automotiva (@rmf_autopecas4x4) on Instagram: ""‚è∞Ô∏è Seg √† Sex - 8h √†s 18h comercial.rmf@hotmail.com Pe√ßas para Jeep's e PickUp's Fale conosco! """
,Nenhum,Nenhum,"Instagram
https://www.instagram.com ‚Ä∫ p ‚Ä∫ DFtJdcOPoIL
Auto Repare | Oficina Especializada - Instagram
5 dias atr√°s39 likes, 11 comments - autoreparebr on February 5, 2025: ""Parece que foi ontem que demos o primeiro passo nessa jornada, mas hoje, ao olhar para tr√°s, vemos o quanto crescemos, evolu√≠mos e conquistamos juntos. Foram anos de muito trabalho, aprendizado e dedica√ß√£o, mas acima de tudo, de constru√ß√£o de la√ßos de confian√ßa com cada cliente, parceiro e amigo que passou por aqui."
,Nenhum,"(11)97495-0360, (11)91153-0309","Instagram
https://www.instagram.com ‚Ä∫ jacuna_autopecas
Jacuna Auto Pe√ßas (@jacuna_autopecas) - Instagram
7,386 Followers, 72 Following, 90 Posts - Jacuna Auto Pe√ßas (@jacuna_autopecas) on Instagram: ""LOJA CREDENCIADA NO DETRAN VEICULOS NACIONAIS E IMPORTADOS (11)97495-0360 (11)91153-0309"""
,Nenhum,Nenhum,"Instagram
https://www.instagram.com ‚Ä∫ autopecas3g
Auto Pe√ßas 3G (@autopecas3g) ‚Ä¢ Instagram photos and videos
2,145 Followers, 5 Following, 407 Posts - Auto Pe√ßas 3G (@autopecas3g) on Instagram: "" Qualidade e respeito desde 1993 Auto | Moto | Troca de √ìleo | Auto Center Alberto Sim√µes, 1127 - V. Leopoldina Nosso WhatsApp """
,felixpecas@outlook.com,(11) 94216-4179,"Instagram
https://www.instagram.com ‚Ä∫ felix_autopecas
Felix Auto Pe√ßas (@felix_autopecas) ‚Ä¢ Instagram photos and videos
76 Followers, 129 Following, 14 Posts - Felix Auto Pe√ßas (@felix_autopecas) on Instagram: ""Felix Auto Pe√ßas ‚Ä¢ Pe√ßas novas e originais Or√ßamento: (11) 94216-4179 E-mail: felixpecas@outlook.com"""
,Nenhum,21) 2496-0022,"Instagram
https://www.instagram.com ‚Ä∫ nogueirautopecasoficial ‚Ä∫ reels
Nogueira Auto Pe√ßas (@nogueirautopecasoficial) - Instagram
346 Followers, 77 Following, 46 Posts - Nogueira Auto Pe√ßas (@nogueirautopecasoficial) on Instagram: ""Ê¨ÑNogueira Autope√ßas h√° mais de 15 anos no Mercado de Pe√ßas Automotivas Nacionais e Importadas. 21) 2496-0022 Rua: Governador Celso Pe√ßanha,1833."""
,Nenhum,Nenhum,"Instagram
https://www.instagram.com
Instagram
Create an account or log in to Instagram - Share what you're into with the people who get you."
,Nenhum,Nenhum,"Instagram
https://www.instagram.com ‚Ä∫ ?hl=pt-br
Instagram
Crie uma conta ou entre no Instagram: compartilhe seus interesses com as pessoas que entendem voc√™."
,Nenhum,"11 94784-5949, 11 94784-5949","Instagram
https://www.instagram.com ‚Ä∫ rca4x4
RCA OFF ROAD / 11 94784-5949 (@rca4x4) - Instagram
8,636 Followers, 5,643 Following, 285 Posts - RCA OFF ROAD / 11 94784-5949 (@rca4x4) on Instagram: ""Empresa fundada em 1997 pela fam√≠lia Maziviero , com Ant√¥nio Carlos Maziviero Pai , e com os filhos Adriano Maziviero e Rodrigo Maziviero."""
,Nenhum,Nenhum,"Instagram
https://api.instagram.com
Instagram
Create an account or log in to Instagram - Share what you're into with the people who get you."
,Nenhum,Nenhum,"Instagram
https://www.instagram.com ‚Ä∫ medeirosauto
Medeiros Autom√≥veis (@medeirosauto) ‚Ä¢ Instagram photos and videos
Medeiros autom√≥veis üöó super oferta para fim do ano . Ve√≠culo pronto para viajar . Ecosport storm 2.0 direct 4 WD üîù de linha üöÄüöÄüöÄ üöÄ R$ 81.000 fipe por R$ 78.900 ve√≠culo impec√°vel manual chave reserva laudo üíØ aprovado apenas 68.00O KM financiamento at√© 60x com uma pequena entrada financiamento sujeito an√°lise de cr√©dito ' chama WhatsApp para mais informa√ß√µes ..."
,rh.fatimamoveis@gmail.com,Nenhum,"Instagram
https://www.instagram.com ‚Ä∫ ruamarechaldeodoro
Rua Marechal Deodoro - Instagram
√â necess√°rio ter experi√™ncia no setor moveleiro. Para se candidatar basta enviar o curr√≠culo no e-mail rh.fatimamoveis@gmail.com ou entregar em uma de nossas unidades localizada no endere√ßo: üìçRua Marechal Deodoro 1800, SBC üìçShopping Interlar Aricanduva, Arco 118 SP üìçAv. Cruzeiro do Sul, 1100 SP #saobernardodocampo"
,Nenhum,Nenhum,"Instagram
https://www.instagram.com ‚Ä∫ letty.set.go
Leticia (@letty.set.go) ‚Ä¢ Instagram photos and videos
271K Followers, 2,075 Following, 300 Posts - See Instagram photos and videos from Leticia (@letty.set.go)"
,Nenhum,(11)94704-5184,"Instagram
https://www.instagram.com ‚Ä∫ savanamotos
Savana Motos | moto pe√ßas & oficina (@savanamotos) - Instagram
Vamos at√© voc√™ levar a pe√ßa que voc√™ tanto precisa.ü§© Para mais informa√ß√µes, entre em contato conosco pelo WhatsApp (11)94704-5184.ü•≥ü•≥ü§© Pinned post icon A Savana Motos tem a miss√£o de ser a melhor loja e oficina da regi√£o, por isso em novembro, ap√≥s uma reestrutura√ß√£o, reinauguramos nossa oficina com o qu√™ h√° de melhor em ..."
,Nenhum,Nenhum,"Instagram
https://www.instagram.com ‚Ä∫ vilaandradenews
VILA ANDRADE NEWS ( ANDR√â GON√áALEZ) - Instagram
100K Followers, 1,875 Following, 2,322 Posts - VILA ANDRADE NEWS ( ANDR√â GON√áALEZ) (@vilaandradenews) on Instagram: "" Guia do bairro S√£o Paulo e regi√£o Ô∏é Valorizo o com√©rcio local Ô∏é Drone Ô∏é Espa√ßo fala morador Apoie nosso trabalho com um pix 11948070645"""
,Nenhum,(22) 99860-1501,"Instagram
https://www.instagram.com ‚Ä∫ autoescolabenitez
Autoescola Benitez
STOCK CAR AUTO PE√áAS. Follow. valescamarottiimoveis. Valesca Marotti Im√≥veis. Follow. ... De 28/11 a 02/12, aproveite condi√ß√µes IMPERD√çVEIS para conquistar sua CNH com a AUTOESCOLA QUE MAIS APROVA na regi√£o! ‚ö†Ô∏è Reserve seu lugar agora mesmo nessa BLACK CNH das Melhores com a Benitez, pois as vagas s√£o LIMITADAS: üì± (22) 99860-1501 ..."
,Nenhum,Nenhum,"Instagram
https://www.instagram.com ‚Ä∫ tratocar
Centro Automotivo (@tratocar) ‚Ä¢ Instagram photos and videos
2,799 Followers, 2,677 Following, 89 Posts - Centro Automotivo (@tratocar) on Instagram: "" ‚Äç Diagn√≥sticos Automotivos| Manuten√ß√µes Preventivas e Corretivas. ‚Äç Rastreamento PDL 5600 ‚öôÔ∏è Revis√£o de Frotas"""
,Nenhum,Nenhum,"Instagram
https://www.instagram.com ‚Ä∫ ramanueva
Rama Nueva (@ramanueva) ‚Ä¢ Instagram photos and videos
3,227 Followers, 3,067 Following, 953 Posts - Rama Nueva (@ramanueva) on Instagram: ""#ocuparama ·¥Ä·¥ú ü·¥Äs ·¥Ö·¥á ·¥Ö·¥Ä…¥√ß·¥Ä ·¥è“ì…™·¥Ñ…™…¥·¥Äs s ú·¥è·¥°s ·¥ò·¥Ä ü·¥ás·¥õ Ä·¥Äs ·¥áx·¥ò·¥ès…™√ß√µ·¥ás  ü·¥è·¥Ñ·¥Ä√ß√µ·¥ás"""
,Nenhum,Nenhum,"Instagram
https://www.instagram.com ‚Ä∫ REUSE.PECAS
Reuse Pe√ßas Usadas (@reuse.pecas) ‚Ä¢ Instagram photos and videos
11K Followers, 369 Following, 1,015 Posts - Reuse Pe√ßas Usadas (@REUSE.PECAS) on Instagram: ""Cuide do seu carro com pe√ßas de qualidade! ‚ôªÔ∏è Reuse Pe√ßas: a loja que d√° vida ao seu carro Explore nossa loja online"""
,Nenhum,(11)96890-3818,"Instagram
https://www.instagram.com ‚Ä∫ rv_lanternas_
Rv com√©rcio de auto pe√ßas ltda - Instagram
7,312 Followers, 382 Following, 5 Posts - Rv com√©rcio de auto pe√ßas ltda (@rv_lanternas_) on Instagram: ""@juliana_oliveira_1213 Tel: (11)96890-3818 Rv lanternas """
,Nenhum,Nenhum,"Instagram
https://www.instagram.com ‚Ä∫ vortexprojetos
Vortex Projetos - Scanner e Impress√£o 3D (@vortexprojetos) - Instagram
29K Followers, 657 Following, 140 Posts - Vortex Projetos - Scanner e Impress√£o 3D (@vortexprojetos) on Instagram: ""‚ö°Ô∏èEngenharia Reversa ‚ö°Ô∏èScanner 3D ‚ö°Ô∏èImpress√£o 3D"""
,Nenhum,Nenhum,"Instagram
https://www.instagram.com ‚Ä∫ imperioautomotiva
Imp√©rio Pe√ßas Automotivas - Instagram
1,648 Followers, 892 Following, 133 Posts - Imp√©rio Pe√ßas Automotivas (@imperioautomotiva) on Instagram: ""Especialista em el√©trica automotiva. Variedade em marcas e pe√ßas, da linha leve, pesada e agro. 10 anos de experi√™ncia e qualidade! Á£ä"""
,Nenhum,Nenhum,"Instagram
https://www.instagram.com ‚Ä∫ podium.centroautomotivo
Podium Centro Automotivo (@podium.centroautomotivo) - Instagram
2,674 Followers, 675 Following, 480 Posts - Podium Centro Automotivo (@podium.centroautomotivo) on Instagram: "" ‚öôÔ∏èPrecisa consertar seu carro? Bateu, ralou ou amassou? Ô´± ‚ÄçÔ´≤ Conte conosco, 20 anos de mercado. Entre em contato agora mesmo."""
,santista_pecas@hotmail.com,11 94024-5645,"Instagram
https://www.instagram.com ‚Ä∫ desmanche_santista
Santista Auto Pe√ßas (@desmanche_santista) - Instagram
üìû **Entre em contato:** Telefone: 11 94024-5645 E-mail: santista_pecas@hotmail.com Assunto: Mec√¢nico de Moto üë®‚Äçüîß **Junte-se √† nossa equipe e fa√ßa parte de uma empresa com mais de 40 anos de tradi√ß√£o no mercado!** üìç **Local: R. Maurilio √Çngelo Lourencetti. N¬∫ 59 Jardim Santista Mau√° - SP"
,maceiofiat@hotmail.com,Nenhum,"Instagram
https://www.instagram.com ‚Ä∫ maceio_fiat
Macei√≥ Fiat Auto pe√ßas (@maceio_fiat) ‚Ä¢ Instagram photos and videos
1,510 Followers, 326 Following, 797 Posts - Macei√≥ Fiat Auto pe√ßas (@maceio_fiat) on Instagram: "" Pe√ßas e servi√ßos de suspens√£o, revis√µes e inje√ß√£o. maceiofiat@hotmail.com ‚Äç Rua Formosa 1876 Ponta Grossa / Macei√≥"""
,ricardo.veiculos@yahoo.com,(75) 3623-1122,"Instagram
https://www.instagram.com ‚Ä∫ ricardoveiculosfsa
Ricardo Ve√≠culos (@ricardoveiculosfsa) ‚Ä¢ Instagram profile
3,757 Followers, 1,628 Following, 398 Posts - Ricardo Ve√≠culos (@ricardoveiculosfsa) on Instagram: ""Aqui, o seu sonho se realiza! (75) 3623-1122 E-mail: ricardo.veiculos@yahoo.com Acesse e Agende """
,Nenhum,Nenhum,"Instagram
https://www.instagram.com ‚Ä∫ opalabasquete
Opala Basquete (@opalabasquete) ‚Ä¢ Instagram photos and videos
893 Followers, 126 Following, 54 Posts - Opala Basquete (@opalabasquete) on Instagram: ""Basquete Feminino Adulto ‚õπ‚Äç‚ôÄÔ∏è Campe√£s do Piauiense Adulto de Basquete 2022Á£ä Campe√£s da III Copa JohnÁ£ä Teresina-PI Informa√ß√µes e parcerias via direct"""
,Nenhum,Nenhum,"Instagram
https://www.instagram.com ‚Ä∫ bpq.bdi
Baile dos p√£es de queijo 2025 (@bpq.bdi) - Instagram
7,828 Followers, 1,158 Following, 1,342 Posts - Baile dos p√£es de queijo 2025 (@bpq.bdi) on Instagram: "" O Aut√™ntico Baile P√© de Serra Mineiro ‚≠ê BPQ - 23,24 e 25 de Maio 2025 Prod. @gutomalino #forro #pedeserra #festiva"""
,eletrotok@outlook.com,"(11)98123-0498, (11)98123-0498","Instagram
https://www.instagram.com ‚Ä∫ eletrotok
Empresa Eletrotok (@eletrotok) ‚Ä¢ Instagram photos and videos
Lino Auto Pe√ßas. Follow. prospectaobras.guarulhosesp. Prospecta Obras Guarulhos e SP ... (11)98123-0498. Obra do meu parceiro execu√ß√£o em parceria show de mais ... Loja. Loja oficial. Mais uma Obra iniciada vamos pra cima esse ano vai ser D+ eletrotok@outlook.com contato Wasp (11)98123-0498 966379495. Super sala de home automa√ß√£o o ..."
,Nenhum,Nenhum,"Instagram
https://www.instagram.com ‚Ä∫ galpaomotoparts
GALPAO MOTO PARTS | A General do BRASIL
431K Followers, 543 Following, 1,562 Posts - GALPAO MOTO PARTS | A General do BRASIL (@galpaomotoparts) on Instagram: ""Seja um franqueado @franquiagalpaomotoparts Envios para todo 15 LOJAS Atacado, varejo e ecommerce Whats e endere√ßos LINK ‚¨áÔ∏è #galpaosalvou"""
,Nenhum,(41) 99711-2053,"Instagram
https://www.instagram.com ‚Ä∫ pegasusarmasoficial
Pegasus Armas e Muni√ß√µes
Leg√≠tima defesa √© um direiro seu! Escolha na @pegasusarmasoficial a melhor arma para a sua necessidadeüí• Ô∏èPara mais informa√ß√µes entre em contato com a gente üó£ ‚§µÔ∏è üì≤ whats (41) 99711-2053 üíª Site www.armas.com.br #brasil #pt92 #armasdefogo #taurusarmas #boitoarmas #espingardas #revolver #pistola #czarmas #portedearma #jairmessiasbolsonaro #√©umdireitoseu #cac # ..."
,Nenhum,Nenhum,"Instagram
https://www.instagram.com ‚Ä∫ genesiscar_auto
Genesis Car l Oficina Mec√¢nica (@genesiscar_auto) - Instagram
19K Followers, 1,067 Following, 220 Posts - Genesis Car l Oficina Mec√¢nica (@genesiscar_auto) on Instagram: "" CONTATOS /AGENDAMENTO """
,leilaodescomplicado@gmail.com,Nenhum,"Instagram
https://www.instagram.com ‚Ä∫ leilaodescomplicado
Leil√£o Descomplicado (@leilaodescomplicado) - Instagram
484K Followers, 7,750 Following, 6,155 Posts - Leil√£o Descomplicado (@leilaodescomplicado) on Instagram: ""Al√¥, pessoal! Descomplicando o mundo dos Leil√µes h√° 7 anos. Conhe√ßa Tamb√©m @club4x4_br Parcerias: leilaodescomplicado@gmail.com"""
,trincadosplus@gmail.com,Nenhum,"Instagram
https://www.instagram.com ‚Ä∫ reparodeparabrisa
TRINCADO'S | Reparo de Parabrisa (@reparodeparabrisa) - Instagram
Ligue agora e agende seu reparo. N√£o perca esta oportunidade de manter seu para-brisa em perfeitas condi√ß√µes por um pre√ßo incr√≠vel. Contato üìû Telefone: 11 9 64549654 üìß E-mail: trincadosplus@gmail.com üåê Site: www.trincados.com.br Confie na nossa expertise e conduza com seguran√ßa. Repare seu para-brisa hoje! üëçüèª"
,Nenhum,"82 3376-9130, 82 98839-2810","Instagram
https://www.instagram.com ‚Ä∫ lojadoposto
Loja do Posto - Macei√≥/AL (@lojadoposto) - Instagram
1,751 Followers, 7,251 Following, 202 Posts - Loja do Posto - Macei√≥/AL (@lojadoposto) on Instagram: ""Tudo para o seu Lava Jato, Posto de combust√≠vel e Borracharia. lojadoposto@hotmail .com ‚òéÔ∏è82 3376-9130 82 98839-2810 - WhatsApp"""
,Nenhum,Nenhum,"Instagram
https://www.instagram.com ‚Ä∫ sindicatodosrepresentantes
SIRCESP (@sindicatodosrepresentantes) ‚Ä¢ Instagram photos and videos
Conven√ß√£o Coletiva de Trabalho 2024-2025 -SP EAA SP - S√£o Paulo-SP, Embu-Gua√ßu-SP, Francisco Morato-SP e Tabo√£o da Serra-SP Comunicamos que no dia 26/07/2024 foi assinada a Conven√ß√£o Coletiva de Trabalho de SP e regi√µes listadas acima, cuja vig√™ncia corresponde a 1¬∫ de maio de 2024 at√© 30 de abril de 2025, com o EAA-SP, para as empresas da categoria."
,"fabio.multimarcas@outlook.com, fabio.multimarcas@outlook.com","(77) 3426-6339, (77) 98821-5619","Instagram
https://www.instagram.com ‚Ä∫ _fabiomultimarcas
fabio.multimarcas@outlook.com - Instagram
2,012 Followers, 634 Following, 70 Posts - Fabio Multimarcas (@_fabiomultimarcas) on Instagram: "" Financiamento, Compra, Venda e Troca de ve√≠culos * Higieniza√ß√£o Automotiva fabio.multimarcas@outlook.com ‚òéÔ∏è (77) 3426-6339 (77) 98821-5619"""
,Nenhum,Nenhum,"Instagram
https://www.instagram.com ‚Ä∫ reel ‚Ä∫ DBZupSyBa0S
C √â U | ‚ö† LEIA TODO O AN√öNCIO DA VAGA E OS ... - Instagram
21 de out. de 20245 likes, 1 comments - ceurh on October 21, 2024: ""‚ö†Ô∏è LEIA TODO O AN√öNCIO DA VAGA E OS REQUISITOS, ANTES DE ENVIAR O CURR√çCULO‚§µÔ∏è Auto Pe√ßas Guabiruba - CONTRATA MEC√ÇNICO AUTOMOTIVO (Somente para trabalhar em GUABIRUBA) Envie seu curr√≠culo para o e-mail abaixo com o assunto: Vaga: MEC√ÇNICO AUTOMOTIVO - C√©u RH autopecasgeba Ou envie seu curr√≠culo pelo WhatsApp: 47 9 ..."
,Nenhum,Nenhum,"Instagram
https://www.instagram.com ‚Ä∫ convepernambucana
Conven√ß√£o Pernambucana
Come√ßou a 13¬™ Mostra de Circo do Recife, um evento t√£o importante para os artistas circense de Pernambuco. O homenageado desse ano √© o Palha√ßo Pin√≥quio, que uma grande refer√™ncia e foi nosso convidado no Palco Rua da nossa 3¬™ edi√ß√£o, arrancando muitas risadas da crian√ßada e de toda galera üé™ü§° Importante esse tipo de homenagem com artistas em vida e celebrar a exist√™ncia dos ..."
