Rede Social;E-mails;Telefones;Snippet
mendesautopecas;Nenhum;Nenhum;"2,383 Followers, 643 Following, 113 Posts - Mendes Auto Center e PecÌ§as (@mendesautopecas) on Instagram: ""â€¢ Auto PeÃ§as â€¢ MecÃ¢nica Geral â€¢ Alinhamento em 3D â€¢ PersonalizaÃ§Ã£o de â€¦"
rmf_autopecas4x4;comercial.rmf@hotmail.com;Nenhum;"180 Followers, 77 Following, 112 Posts - Rmf Automotiva (@rmf_autopecas4x4) on Instagram: ""â°ï¸ Seg Ã  Sex - 8h Ã s 18h comercial.rmf@hotmail.com PeÃ§as para Jeepâ€™s e PickUpâ€™s Fale â€¦"
satierfautomotiveparts;Nenhum;Nenhum;"2,327 Followers, 4,156 Following, 51 Posts - Satierf Automotive Parts (@satierfautomotiveparts) on Instagram: ""Distribuidora de peÃ§as e acessÃ³rios automotivos em geral. â€¦"
imperioautomotiva;Nenhum;Nenhum;"1,648 Followers, 892 Following, 133 Posts - ImpÃ©rio PeÃ§as Automotivas (@imperioautomotiva) on Instagram: ""Especialista em elÃ©trica automotiva. Variedade em marcas e peÃ§as, da linha leve, â€¦"
jacuna_autopecas;Nenhum;(11) 2221-8910, (11) 97495-0360;hrv 1.8 exl 2016 sucata para venda de peÃ‡as (11) 2221-8910 fixo (11) 97495-0360 rua jacuna, 309 carandiru sp envios pelo mercado livre ou retirar em nossa loja fisica. Carousel ONIX 1.4 â€¦
autopecas3g;Nenhum;Nenhum;"2,145 Followers, 5 Following, 407 Posts - Auto PecÌ§as 3G (@autopecas3g) on Instagram: "" Qualidade e respeito desde 1993 Auto | Moto | Troca de OÌleo | Auto Center Alberto SimÃµes, â€¦"
p;Nenhum;Nenhum;"11 de fev. de 2025 Â· 4 likes, 0 comments - cdvpadraoautopecas_ on February 11, 2025: "" Na CDV PadrÃ£o Auto PeÃ§as vocÃª encontra a peÃ§a que seu carro precisa! Variedade de marcas e â€¦"
motorsvans;Nenhum;Nenhum;"5,188 Followers, 38 Following, 106 Posts - Motors Vans | Auto PeÃ§as (@motorsvans) on Instagram: ""Sua parceira de estrada. Compre aqui"" 5,188 Followers, 38 ... nossa Black vai atÃ© â€¦"
felix_autopecas;Nenhum;(11) 94216-4179;"76 Followers, 129 Following, 14 Posts - Felix Auto PeÃ§as (@felix_autopecas) on Instagram: ""Felix Auto PeÃ§as â€¢ PeÃ§as novas e originais OrÃ§amento: (11) 94216-4179 E-mail: â€¦"
REUSE.PECAS;Nenhum;Nenhum;"11K Followers, 369 Following, 1,015 Posts - Reuse PeÃ§as Usadas (@REUSE.PECAS) on Instagram: ""Cuide do seu carro com peÃ§as de qualidade! â™»ï¸ Reuse PeÃ§as: a loja que dÃ¡ â€¦"
;Nenhum;Nenhum;Crie uma conta ou entre no Instagram: compartilhe seus interesses com as pessoas que entendem vocÃª.
;Nenhum;Nenhum;Create an account or log in to Instagram - Share what you're into with the people who get you.
;Nenhum;Nenhum;Cria uma conta ou inicia sessÃ£o no Instagram - Partilha os teus interesses com pessoas que partilham dos teus gostos.
mandrakemotostore;Nenhum;Nenhum;"2,207 Followers, 1,201 Following, 121 Posts - Mandrake Moto Store (@mandrakemotostore) on Instagram: ""Mandrake Moto Store ï¥¾Boutique do Motociclista âš™ï¸ PeÃ§as para sua Moto â€¦"
atacadaolordspuma;Nenhum;Nenhum;"1,748 Followers, 306 Following, 198 Posts - AtacadÃ£o Lordspuma (@atacadaolordspuma) on Instagram: "" í— í—¼Ìí˜ƒí—²í—¶í˜€ í—±í—² í—¾í˜‚í—®í—¹í—¶í—±í—®í—±í—² í—² í—°í—¼í—º í—¼ í—ºí—²í—»í—¼í—¿ í—½í—¿í—²Ã§í—¼! â€¦"
ongmovimentolipedema;Nenhum;Nenhum;"78K Followers, 379 Following, 1,065 Posts - ONG Movimento Lipedema (@ongmovimentolipedema) on Instagram: "" ï¸ I EducaÃ§Ã£o, conscientizaÃ§Ã£o, tratamento â€¦"
pinheirocamila;Nenhum;Nenhum;"299K Followers, 7,698 Following, 2,252 Posts - CAMILA PINHEIRO (@pinheirocamila) on Instagram: ""ROCKÃªra, apaixonada pelo mundo GEEK ï¤“ï¤˜ DEI UM PAU NA PORRA DO â€¦"
loja22mf;Nenhum;(11) 3227-8285, (11) 3228-7873;"3,068 Followers, 808 Following, 47 Posts - Loja 22 (@loja22mf) on Instagram: "" Ferramentas em geral â°Seg a Sexta: 8h Ã s 17h e Sab atÃ© 13h â˜ï¸ (11) 3227-8285 ou (11) 3228-7873 â€¦"
mcm_eletrica;Nenhum;Nenhum;âš¡ï¸ Infraestrutura e iluminaÃ§Ã£o, obrigado pela preferÃªncia Smart Fit JoÃ£o dias !! Venha fazer sua cotaÃ§Ã£o!! ğŸ“± (11) 95050 - 9598 WhatsApp â˜ï¸ (11) 4666 - 4010 Fixo â˜ï¸ (11) 4165 - 2542 â€¦
prefeituralimoeirope;Nenhum;Nenhum;"33K Followers, 828 Following, 5,106 Posts - Prefeitura de Limoeiro (@prefeituralimoeirope) on Instagram: ""Limoeiro, Terra Amada. ï¸ Perfil oficial da Prefeitura Municipal de Limoeiro â€¦"
medeirosauto;Nenhum;Nenhum;Medeiros automÃ³veis ğŸš— super oferta para fim do ano . VeÃ­culo pronto para viajar . Ecosport storm 2.0 direct 4 WD ğŸ” de linha ğŸš€ğŸš€ğŸš€ ğŸš€ R$ 81.000 fipe por R$ 78.900 veÃ­culo impecÃ¡vel manual chave â€¦
wrleiloes;Nenhum;Nenhum;"8,483 Followers, 789 Following, 248 Posts - WR LeilÃµes (@wrleiloes) on Instagram: "" ï¸VeÃ­culos, ImÃ³veis e Materais ï¸LeilÃµes ExtraJudicial, Judicial e Particular Acompanhe nossos leilÃµes â€¦"
ipac.ba;Nenhum;Nenhum;"28K Followers, 1,088 Following, 3,843 Posts - Instituto do PatrimoÌ‚nio ArtiÌstico e Cultural da Bahia (@ipac.ba) on Instagram: "" ï¸ Unidade vinculada a @SecultBA #PatrimÃ´nio #MuseusDaBahia â€¦"
savanamotos;Nenhum;Nenhum;"11K Followers, 2,182 Following, 931 Posts - Savana Motos | moto peÃ§as & oficina (@savanamotos) on Instagram: ""Desde 1992, APAIXONADOS por motos! Somos â€¦"
ruamarechaldeodoro;Nenhum;Nenhum;"12K Followers, 1 Following, 60 Posts - Rua Marechal Deodoro (@ruamarechaldeodoro) on Instagram: ""Perfil dedicado Ã  Rua Marechal Deodoro, o principal centro de compras de â€¦"
mangsulmateriais;Nenhum;Nenhum;"1,394 Followers, 1,689 Following, 127 Posts - Mangsul (@mangsulmateriais) on Instagram: ""AssistÃªncia TÃ©cnica Autorizada Karcher Chiaperini Hidromar Materias para postos de â€¦"
vilaandradenews;Nenhum;Nenhum;"100K Followers, 1,875 Following, 2,322 Posts - VILA ANDRADE NEWS ( ANDRÃ‰ GONÃ‡ALEZ) (@vilaandradenews) on Instagram: "" Guia do bairro SÃ£o Paulo e regiÃ£o ï¸ Valorizo o â€¦"
cvetur.oficial;Nenhum;Nenhum;"2,117 Followers, 113 Following, 55 Posts - CVE EMPREENDIMENTOS TURISTICOS (@cvetur.oficial) on Instagram: "" LocaÃ§Ã£o de Ã”nibus (Turismo) LocaÃ§Ã£o de Ã”nibus / Micro pra â€¦"
desmanche_santista;Nenhum;Nenhum;"1,444 Followers, 695 Following, 182 Posts - Santista Auto PeÃ§as (@desmanche_santista) on Instagram: ""DESMONTE CREDENCIADO PELO DETRAN SP PeÃ§as para autos, caminhÃµes â€¦"
autoescolabenitez;Nenhum;Nenhum;"5,396 Followers, 90 Following, 849 Posts - AUTOESCOLA BENITEZ (@autoescolabenitez) on Instagram: "" Da 1Â° habilitaÃ§Ã£o Ã  mudanÃ§a de categoria, sempre ao seu lado, rumo Ã  vitÃ³ria A â€¦"
tratocar;Nenhum;Nenhum;"2,799 Followers, 2,677 Following, 89 Posts - Centro Automotivo (@tratocar) on Instagram: "" â€ DiagnÃ³sticos Automotivos| ManutenÃ§Ãµes Preventivas e Corretivas. â€ Rastreamento PDL 5600 â€¦"
lucianomattuella;Nenhum;Nenhum;"6,104 Followers, 1,838 Following, 80 Posts - Luciano Mattuella (@lucianomattuella) on Instagram: "" Psicanalista (APPOA) Escritor - PrÃªmio AÃ§orianos 2023 (Ensaio de Literatura e â€¦"
ramanueva;Nenhum;Nenhum;"3,227 Followers, 3,067 Following, 953 Posts - Rama Nueva (@ramanueva) on Instagram: ""#ocuparama á´€á´œÊŸá´€s á´…á´‡ á´…á´€É´Ã§á´€ á´Ò“Éªá´„ÉªÉ´á´€s sÊœá´á´¡s á´˜á´€ÊŸá´‡sá´›Ê€á´€s á´‡xá´˜á´sÉªÃ§Ãµá´‡s ÊŸá´á´„á´€Ã§Ãµá´‡s"""
opalabasquete;Nenhum;Nenhum;"893 Followers, 126 Following, 54 Posts - Opala Basquete (@opalabasquete) on Instagram: ""Basquete Feminino Adulto â›¹â€â™€ï¸ CampeÃ£s do Piauiense Adulto de Basquete 2022ï¥‡ â€¦"
galpaomotoparts;Nenhum;Nenhum;"431K Followers, 543 Following, 1,562 Posts - GALPAO MOTO PARTS | A General do BRASIL (@galpaomotoparts) on Instagram: ""Seja um franqueado @franquiagalpaomotoparts Envios â€¦"
vortexprojetos;Nenhum;Nenhum;"29K Followers, 657 Following, 140 Posts - Vortex Projetos - Scanner e ImpressÃ£o 3D (@vortexprojetos) on Instagram: ""âš¡ï¸Engenharia Reversa âš¡ï¸Scanner 3D âš¡ï¸ImpressÃ£o â€¦"
ricardoveiculosfsa;ricardo.veiculos@yahoo.com;(75) 3623-1122;"3,757 Followers, 1,628 Following, 398 Posts - Ricardo VeiÌculos (@ricardoveiculosfsa) on Instagram: ""Aqui, o seu sonho se realiza! (75) 3623-1122 E-mail: ricardo.veiculos@yahoo.com â€¦"
maceio_fiat;maceiofiat@hotmail.com;Nenhum;"1,510 Followers, 326 Following, 797 Posts - MaceiÃ³ Fiat Auto peÃ§as (@maceio_fiat) on Instagram: "" PeÃ§as e serviÃ§os de suspensÃ£o, revisÃµes e injeÃ§Ã£o. maceiofiat@hotmail.com â€ â€¦"
pegasusarmasoficial;Nenhum;Nenhum;2,739 Followers, 1,138 Following, 34 Posts - See Instagram photos and videos from Pegasus Armas e MuniÃ§Ãµes (@pegasusarmasoficial)
leilaodescomplicado;Nenhum;Nenhum;"484K Followers, 7,750 Following, 6,155 Posts - LeilaÌƒo Descomplicado (@leilaodescomplicado) on Instagram: ""AlÃ´, pessoal! Descomplicando o mundo dos LeilÃµes hÃ¡ 7 anos. ConheÃ§a TambÃ©m â€¦"
letty.set.go;Nenhum;Nenhum;"Instagram
https://www.instagram.com â€º letty.set.go
Leticia (@letty.set.go) â€¢ Instagram photos and videos
271K Followers, 2,120 Following, 307 Posts - See Instagram photos and videos from Leticia (@letty.set.go)"
reparodeparabrisa;Nenhum;Nenhum;"33K Followers, 427 Following, 648 Posts - TRINCADO'S | Reparo de Parabrisa (@reparodeparabrisa) on Instagram: "" Vidros automotivos DESDE 2006 â€â™‚ï¸ A primeira â€¦"
lojadoposto;Nenhum;Nenhum;"1,751 Followers, 7,251 Following, 202 Posts - Loja do Posto - MaceiÃ³/AL (@lojadoposto) on Instagram: ""Tudo para o seu Lava Jato, Posto de combustÃ­vel e Borracharia. â€¦"
sindicatodosrepresentantes;Nenhum;Nenhum;"1,076 Followers, 846 Following, 177 Posts - SIRCESP (@sindicatodosrepresentantes) on Instagram: ""Fundado em 26/07/1938, para representar oficialmente a classe, promovendo â€¦"
genesiscar_auto;Nenhum;Nenhum;"19K Followers, 1,067 Following, 220 Posts - Genesis Car l Oficina MecÃ¢nica (@genesiscar_auto) on Instagram: "" CONTATOS /AGENDAMENTO """
_fabiomultimarcas;Nenhum;Nenhum;"2,012 Followers, 634 Following, 70 Posts - Fabio Multimarcas (@_fabiomultimarcas) on Instagram: "" Financiamento, Compra, Venda e Troca de veÃ­culos * HigienizaÃ§Ã£o Automotiva â€¦"
afpecasagricolas;Nenhum;Nenhum;"2,350 Followers, 999 Following, 44 Posts - A F PeÃ§as AgrÃ­colas Multimarcas (@afpecasagricolas) on Instagram: ""âš™ï¸ PeÃ§as de Plantadeiras e Semeadeiras. Semeato, Vence Tudo, Kuhn, â€¦"
p;Nenhum;Nenhum;"6 de fev. de 2025 Â· 2 likes, 0 comments - cdvpadraoautopecas_ on February 6, 2025: "" âš  ATENÃ‡ÃƒO, CLIENTES! âš  Informamos que nÃ£o haverÃ¡ expediente no prÃ³ximo sÃ¡bado, dia 8 â€¦"
reel;Nenhum;Nenhum;"5 likes, 0 comments - congonhas.online on February 17, 2025: ""*Congonhas Online* Ã© o maior portal de notÃ­cias de Congonhas e regiÃ£o, com 85k de seguidores no Facebook e 44k no â€¦"
